task_id,length,vm_id,thread,start_time,finish_time
0,467,0,0,0.10,0.44
2,330,1,1,0.10,0.44
5,255,2,1,0.10,0.44
8,482,1,0,0.10,0.55
4,772,0,0,0.55,1.03
1,1787,0,0,1.14,2.34
3,1109,0,0,2.45,3.25
6,1714,0,0,3.36,4.47
7,1126,0,0,4.58,5.28
9,1872,0,0,5.39,6.57
12,499,0,0,6.67,6.98
10,1694,0,0,7.09,8.20
11,1023,0,0,8.31,8.95
13,1032,0,0,9.06,9.82
14,1803,0,0,9.93,11.05
15,1377,0,0,11.16,12.14
16,1861,0,0,12.25,13.41
17,1506,0,0,13.52,14.46
18,1062,0,0,14.57,15.34
19,1752,0,0,15.45,16.56
27,258,2,1,16.66,16.89
24,593,0,0,16.66,17.11
26,594,1,0,16.66,17.11
20,1339,0,0,17.22,18.06
21,1830,0,0,18.17,19.43
22,1707,0,0,19.54,20.63
23,1776,0,0,20.74,21.89
25,1931,0,0,22.00,23.32
28,1509,0,0,23.43,24.48
29,849,0,0,24.59,25.20
36,246,0,1,25.30,25.46
30,1088,0,0,25.30,26.09
31,1832,0,0,26.20,27.35
32,1361,0,0,27.46,28.42
33,917,0,0,28.53,29.10
34,1143,0,0,29.21,30.02
35,1397,0,0,30.13,31.01
37,1970,0,0,31.12,32.46
38,1203,0,0,32.57,33.43
39,1460,0,0,33.54,34.56
48,743,0,0,34.66,35.12
40,1610,0,0,35.23,36.34
41,1793,0,0,36.45,37.69
42,1972,0,0,37.80,39.03
43,952,0,0,39.14,39.73
44,1309,0,0,39.84,40.66
45,1955,0,0,40.77,41.99
46,1964,0,0,42.10,43.44
47,1624,0,0,43.55,44.58
49,1208,0,0,44.69,45.55
57,221,0,1,45.65,45.80
50,537,0,0,45.65,46.02
53,582,1,0,45.65,46.13
55,665,2,0,45.65,46.24
59,466,0,0,46.13,46.46
51,808,0,0,46.57,47.17
52,1024,0,0,47.28,47.92
54,1458,0,0,48.03,48.94
56,1694,0,0,49.05,50.16
58,1255,0,0,50.27,51.16
65,276,2,1,51.26,51.51
64,363,1,1,51.26,51.62
62,578,0,0,51.26,51.73
66,601,0,0,51.84,52.22
60,1031,0,0,52.33,52.97
61,1378,0,0,53.08,54.05
63,1389,0,0,54.16,55.14
67,1618,0,0,55.25,56.28
68,1088,0,0,56.39,57.18
69,1574,0,0,57.29,58.28
73,106,1,1,58.38,58.57
74,433,1,0,58.38,58.79
77,454,2,0,58.38,58.79
70,657,0,0,58.38,58.90
79,507,0,0,59.01,59.44
71,1938,0,0,59.55,60.87
72,1671,0,0,60.98,62.09
75,1931,0,0,62.20,63.52
76,1568,0,0,63.63,64.61
78,1588,0,0,64.72,65.71
80,842,0,0,65.81,66.34
81,1187,0,0,66.45,67.30
82,1724,0,0,67.41,68.52
83,1220,0,0,68.63,69.39
84,1293,0,0,69.50,70.42
85,1194,0,0,70.53,71.39
86,1069,0,0,71.50,72.27
87,1041,0,0,72.38,73.15
88,1777,0,0,73.26,74.37
89,1045,0,0,74.48,75.24
91,736,0,0,75.34,75.80
92,694,1,0,75.34,75.91
96,695,2,0,75.34,76.02
90,1821,0,0,75.91,77.05
93,1500,0,0,77.16,78.18
94,907,0,0,78.29,78.92
95,1246,0,0,79.03,79.81
97,1287,0,0,79.92,80.72
98,881,0,0,80.83,81.38
99,1905,0,0,81.49,82.68
101,358,0,1,82.78,83.02
109,709,0,0,82.78,83.24
104,695,1,0,82.78,83.35
100,1196,0,0,83.35,84.10
102,1729,0,0,84.21,85.32
103,1486,0,0,85.43,86.36
105,1057,0,0,86.47,87.13
106,1722,0,0,87.24,88.35
107,1243,0,0,88.46,89.23
108,1660,0,0,89.34,90.45
112,166,2,1,90.55,90.70
110,351,0,1,90.55,90.81
111,266,1,1,90.55,90.81
115,741,0,0,90.55,91.03
113,245,0,1,90.92,91.14
114,702,1,0,90.55,91.14
116,317,2,1,90.81,91.14
117,205,2,1,91.25,91.44
118,1795,0,0,91.14,92.28
119,1843,0,0,92.39,93.65
128,209,1,1,93.75,94.02
124,444,0,0,93.75,94.13
120,1848,0,0,94.24,95.40
121,1276,0,0,95.51,96.41
122,1204,0,0,96.52,97.28
123,1084,0,0,97.39,98.17
125,1224,0,0,98.28,99.05
126,1501,0,0,99.16,100.10
127,1837,0,0,100.21,101.36
129,1138,0,0,101.47,102.18
135,188,0,1,102.28,102.41
130,1334,0,0,102.28,103.22
131,1839,0,0,103.33,104.55
132,1255,0,0,104.66,105.44
133,976,0,0,105.55,106.27
134,983,0,0,106.38,107.11
136,836,0,0,107.22,107.81
137,1992,0,0,107.92,109.17
138,1383,0,0,109.28,110.15
139,861,0,0,110.26,110.83
146,725,0,0,110.93,111.38
140,1374,0,0,111.49,112.35
141,1385,0,0,112.46,113.44
142,851,0,0,113.55,114.19
143,1124,0,0,114.30,115.00
144,1657,0,0,115.11,116.22
145,1441,0,0,116.33,117.23
147,1051,0,0,117.34,118.00
148,1804,0,0,118.11,119.24
149,1023,0,0,119.35,119.99
150,163,0,1,120.09,120.20
157,147,1,1,120.09,120.31
151,748,0,0,120.09,120.67
152,957,0,0,120.78,121.38
153,1152,0,0,121.49,122.21
154,1697,0,0,122.32,123.43
155,898,0,0,123.54,124.21
156,1733,0,0,124.32,125.43
158,871,0,0,125.54,126.19
159,1742,0,0,126.30,127.41
163,322,1,1,127.51,127.76
167,454,1,0,127.51,127.87
166,491,2,0,127.51,127.98
162,775,0,0,127.51,128.09
160,1074,0,0,128.20,128.98
161,1527,0,0,129.09,130.04
164,978,0,0,130.15,130.77
165,977,0,0,130.88,131.49
168,1775,0,0,131.60,132.74
169,1479,0,0,132.85,133.77
177,405,0,0,133.87,134.12
179,603,1,0,133.87,134.34
170,856,0,0,134.23,134.88
171,1332,0,0,134.99,135.82
172,1134,0,0,135.93,136.64
173,1640,0,0,136.75,137.80
174,1967,0,0,137.91,139.14
175,937,0,0,139.25,139.83
176,995,0,0,139.94,140.56
178,1116,0,0,140.67,141.48
186,399,2,1,141.58,141.94
181,701,0,0,141.58,142.05
184,727,1,0,141.58,142.16
180,1251,0,0,142.16,142.95
182,1477,0,0,143.06,143.98
183,1794,0,0,144.09,145.32
185,1380,0,0,145.43,146.40
187,1774,0,0,146.51,147.70
188,1579,0,0,147.81,148.91
189,1557,0,0,149.02,149.99
193,293,0,1,150.09,150.29
197,723,1,0,150.09,150.72
190,1876,0,0,150.09,151.37
191,930,0,0,151.48,152.17
192,1427,0,0,152.28,153.18
194,1854,0,0,153.29,154.45
195,816,0,0,154.56,155.18
196,1025,0,0,155.29,156.04
198,1445,0,0,156.15,157.16
199,858,0,0,157.27,157.81
200,408,0,0,157.91,158.17
208,384,1,1,157.91,158.28
201,585,1,0,157.91,158.39
205,799,2,0,157.91,158.61
202,799,0,0,158.28,158.83
203,801,0,0,158.94,159.55
204,1664,0,0,159.66,160.77
206,1195,0,0,160.88,161.67
207,1140,0,0,161.78,162.49
209,1439,0,0,162.60,163.61
218,242,2,1,163.71,163.93
210,334,0,1,163.71,164.04
216,662,0,0,163.71,164.15
213,623,1,0,163.71,164.26
219,272,2,1,164.04,164.37
211,1514,0,0,164.26,165.21
212,1732,0,0,165.32,166.43
214,1284,0,0,166.54,167.34
215,1109,0,0,167.45,168.25
217,1096,0,0,168.36,169.05
221,388,0,1,169.15,169.41
225,518,1,0,169.15,169.63
220,1045,0,0,169.15,169.85
222,1331,0,0,169.96,170.79
223,1079,0,0,170.90,171.57
224,1899,0,0,171.68,172.87
226,1239,0,0,172.98,173.76
227,1188,0,0,173.87,174.72
228,1273,0,0,174.83,175.62
229,1026,0,0,175.73,176.38
231,458,0,0,176.48,176.77
233,639,1,0,176.48,176.99
235,517,2,0,176.48,176.99
238,701,0,0,176.88,177.32
239,645,1,0,177.10,177.65
230,1952,0,0,177.43,178.65
232,1854,0,0,178.76,180.03
234,1352,0,0,180.14,181.09
236,1114,0,0,181.20,181.90
237,937,0,0,182.01,182.59
249,130,1,1,182.69,182.79
248,224,0,1,182.69,182.90
240,1751,0,0,182.69,183.89
241,1564,0,0,184.00,184.98
242,812,0,0,185.09,185.71
243,1356,0,0,185.82,186.78
244,1700,0,0,186.89,188.00
245,1125,0,0,188.11,188.81
246,1055,0,0,188.92,189.69
247,1758,0,0,189.80,190.91
250,272,0,1,191.01,191.19
257,321,1,1,191.01,191.30
254,546,0,0,191.01,191.41
255,432,2,0,191.01,191.41
251,572,1,0,191.01,191.52
259,764,0,0,191.52,192.11
252,1575,0,0,192.22,193.20
253,902,0,0,193.31,193.88
256,1051,0,0,193.99,194.68
258,1784,0,0,194.79,196.01
267,137,1,1,196.11,196.22
265,301,0,1,196.11,196.33
269,154,2,1,196.11,196.33
260,882,0,0,196.11,196.77
261,1756,0,0,196.88,197.99
262,1978,0,0,198.10,199.36
263,1070,0,0,199.47,200.25
264,1724,0,0,200.36,201.47
266,1981,0,0,201.58,202.81
268,1366,0,0,202.92,203.89
276,370,1,1,203.99,204.27
275,609,0,0,203.99,204.38
277,572,2,0,203.99,204.49
279,315,1,1,204.38,204.71
270,1593,0,0,204.49,205.60
271,1803,0,0,205.71,206.95
272,1427,0,0,207.06,208.06
273,1640,0,0,208.17,209.28
274,1437,0,0,209.39,210.40
278,1613,0,0,210.51,211.62
283,232,1,1,211.72,212.01
289,344,2,1,211.72,212.12
282,694,0,0,211.72,212.23
288,772,1,0,211.72,212.34
280,1457,0,0,212.34,213.25
281,1124,0,0,213.36,214.17
284,1221,0,0,214.28,215.05
285,1490,0,0,215.16,216.09
286,1888,0,0,216.20,217.49
287,1040,0,0,217.60,218.25
292,105,1,1,218.35,218.43
294,280,2,1,218.35,218.65
295,428,2,0,218.35,218.76
290,776,0,0,218.35,218.87
293,611,1,0,218.35,218.87
298,505,0,0,218.98,219.41
291,1867,0,0,219.52,220.68
296,848,0,0,220.79,221.43
297,1632,0,0,221.54,222.65
299,844,0,0,222.76,223.29
304,104,2,1,223.39,223.48
301,237,1,1,223.39,223.59
300,317,0,1,223.39,223.70
303,500,0,0,223.39,223.81
308,639,1,0,223.39,223.92
302,1455,0,0,223.92,224.83
305,1070,0,0,224.94,225.72
306,1245,0,0,225.83,226.61
307,1928,0,0,226.72,227.93
309,1984,0,0,228.04,229.28
318,234,1,1,229.38,229.56
311,625,0,0,229.38,229.88
310,1533,0,0,229.99,230.95
312,1386,0,0,231.06,232.04
313,1686,0,0,232.15,233.26
314,918,0,0,233.37,233.96
315,827,0,0,234.07,234.70
316,928,0,0,234.81,235.50
317,1501,0,0,235.61,236.66
319,1328,0,0,236.77,237.60
329,305,2,1,237.70,237.98
322,458,1,0,237.70,238.09
321,747,0,0,237.70,238.20
320,1074,0,0,238.31,239.09
323,1248,0,0,239.20,239.98
324,1782,0,0,240.09,241.20
325,1339,0,0,241.31,242.15
326,1149,0,0,242.26,242.98
327,1756,0,0,243.09,244.20
328,1357,0,0,244.31,245.16
332,384,0,1,245.26,245.52
330,1667,0,0,245.26,246.41
331,1135,0,0,246.52,247.34
333,1810,0,0,247.45,248.58
334,934,0,0,248.69,249.39
335,802,0,0,249.50,250.11
336,1124,0,0,250.22,250.97
337,1979,0,0,251.08,252.32
338,1187,0,0,252.43,253.17
339,1353,0,0,253.28,254.24
349,247,2,1,254.34,254.56
347,297,1,1,254.34,254.67
346,674,0,0,254.34,254.78
340,1689,0,0,254.89,256.01
341,1565,0,0,256.12,257.09
342,1345,0,0,257.20,258.15
343,1905,0,0,258.26,259.54
344,1585,0,0,259.65,260.75
345,1526,0,0,260.86,261.82
348,1425,0,0,261.93,262.93
353,181,1,1,263.03,263.17
351,444,0,0,263.03,263.39
354,595,1,0,263.03,263.50
356,397,2,1,263.03,263.50
358,422,0,0,263.50,263.76
350,1691,0,0,263.87,264.98
352,1448,0,0,265.09,266.11
355,1193,0,0,266.22,267.07
357,976,0,0,267.18,267.91
359,1898,0,0,268.02,269.23
363,369,2,1,269.33,269.67
361,569,1,0,269.33,269.78
360,727,0,0,269.33,269.89
366,201,2,1,269.78,270.00
365,686,1,0,269.89,270.38
364,691,0,0,270.00,270.49
369,350,2,1,270.11,270.49
362,1274,0,0,270.60,271.39
367,1476,0,0,271.50,272.43
368,928,0,0,272.54,273.23
377,165,0,1,273.33,273.44
370,467,0,0,273.33,273.66
373,353,1,1,273.33,273.66
376,558,2,0,273.33,273.88
371,880,0,0,273.77,274.32
372,1158,0,0,274.43,275.16
374,1522,0,0,275.27,276.29
375,1078,0,0,276.40,277.08
378,970,0,0,277.19,277.79
379,1250,0,0,277.90,278.79
386,378,1,1,278.89,279.18
380,484,0,0,278.89,279.29
381,1365,0,0,279.40,280.36
382,1511,0,0,280.47,281.42
383,806,0,0,281.53,282.03
384,1373,0,0,282.14,283.00
385,1051,0,0,283.11,283.77
387,1279,0,0,283.88,284.70
388,1660,0,0,284.81,285.94
389,1652,0,0,286.05,287.16
393,112,0,1,287.26,287.33
397,207,1,1,287.26,287.44
394,748,0,0,287.26,287.84
390,1167,0,0,287.95,288.68
391,930,0,0,288.79,289.48
392,1947,0,0,289.59,290.92
395,1351,0,0,291.03,291.98
396,1658,0,0,292.09,293.20
398,843,0,0,293.31,293.83
399,1328,0,0,293.94,294.88
409,134,0,1,294.98,295.07
403,129,1,1,294.98,295.18
405,274,2,1,294.98,295.29
408,443,2,0,294.98,295.40
401,727,0,0,294.98,295.51
406,630,1,0,294.98,295.51
400,1275,0,0,295.62,296.42
402,1757,0,0,296.53,297.64
404,1585,0,0,297.75,298.85
407,1479,0,0,298.96,299.91
410,187,0,1,300.01,300.13
413,239,1,1,300.01,300.24
416,203,2,1,300.01,300.24
417,456,1,0,300.01,300.35
415,797,0,0,300.01,300.57
419,553,2,0,300.01,300.57
411,1881,0,0,300.68,301.97
412,1940,0,0,302.08,303.40
414,1617,0,0,303.51,304.62
418,1763,0,0,304.73,305.84
420,154,0,1,305.94,306.15
421,187,1,1,305.94,306.15
426,680,0,0,305.94,306.47
424,244,0,1,306.26,306.47
427,723,1,0,305.94,306.47
428,716,2,0,305.94,306.59
429,797,0,0,306.59,307.19
422,1504,0,0,307.30,308.24
423,1273,0,0,308.35,309.15
425,1145,0,0,309.26,309.98
433,191,2,1,310.08,310.25
432,291,1,1,310.08,310.36
430,705,0,0,310.08,310.58
434,211,1,1,310.47,310.69
436,366,2,1,310.36,310.80
438,147,1,1,310.80,311.02
439,630,0,0,310.69,311.13
431,1598,0,0,311.24,312.24
435,1991,0,0,312.35,313.71
437,1497,0,0,313.82,314.75
442,495,0,0,314.85,315.16
448,554,1,0,314.85,315.27
440,863,0,0,315.27,315.92
441,1573,0,0,316.03,317.01
443,1188,0,0,317.12,317.98
444,1541,0,0,318.09,319.16
445,1434,0,0,319.27,320.17
446,1197,0,0,320.28,321.02
447,1886,0,0,321.13,322.31
449,1295,0,0,322.42,323.34
453,508,0,0,323.44,323.76
459,606,1,0,323.44,323.98
450,1244,0,0,323.87,324.65
451,1007,0,0,324.76,325.39
452,1914,0,0,325.50,326.69
454,891,0,0,326.80,327.47
455,971,0,0,327.58,328.19
456,1710,0,0,328.30,329.41
457,1867,0,0,329.52,330.73
458,862,0,0,330.84,331.38
460,104,0,1,331.48,331.55
461,330,1,1,331.48,331.77
463,297,0,1,331.66,331.87
466,469,2,0,331.48,331.98
468,313,0,1,331.98,332.20
462,1486,0,0,331.48,332.42
464,1683,0,0,332.53,333.65
465,1952,0,0,333.76,334.98
467,1992,0,0,335.09,336.34
469,1753,0,0,336.45,337.59
473,326,0,1,337.69,337.91
479,461,1,0,337.69,338.13
470,979,0,0,337.69,338.35
471,1543,0,0,338.46,339.53
472,1054,0,0,339.64,340.36
474,1176,0,0,340.47,341.31
475,1522,0,0,341.42,342.38
476,1247,0,0,342.48,343.26
477,1547,0,0,343.37,344.34
478,1999,0,0,344.45,345.81
484,181,1,1,345.91,346.05
483,742,0,0,345.91,346.48
485,646,1,0,345.91,346.48
488,646,2,0,345.91,346.48
480,1066,0,0,346.59,347.26
481,873,0,0,347.37,347.91
482,1431,0,0,348.02,348.92
486,1014,0,0,349.03,349.66
487,1107,0,0,349.77,350.46
489,1406,0,0,350.57,351.56
495,354,0,1,351.66,352.01
494,314,2,1,351.66,352.01
491,629,0,0,351.66,352.12
493,573,1,0,351.66,352.12
496,212,2,1,352.12,352.34
490,1423,0,0,352.23,353.12
492,1928,0,0,353.23,354.43
497,1181,0,0,354.54,355.28
498,1774,0,0,355.39,356.50
499,1334,0,0,356.61,357.50
506,340,2,1,357.60,357.91
500,596,0,0,357.60,358.02
504,561,1,0,357.60,358.02
501,1653,0,0,358.13,359.24
502,1938,0,0,359.35,360.56
503,1093,0,0,360.67,361.36
505,1921,0,0,361.47,362.78
507,815,0,0,362.89,363.51
508,1145,0,0,363.62,364.33
509,1606,0,0,364.44,365.50
516,153,2,1,365.60,365.74
519,405,0,0,365.60,365.95
510,360,0,1,365.60,365.95
515,618,1,0,365.60,366.06
511,1074,0,0,366.06,366.73
512,988,0,0,366.84,367.57
513,984,0,0,367.68,368.40
514,960,0,0,368.51,369.21
517,1031,0,0,369.32,370.07
518,1967,0,0,370.18,371.41
521,402,0,0,371.51,371.87
524,442,1,0,371.51,371.87
528,657,2,0,371.51,372.09
525,632,0,0,371.98,372.38
520,1685,0,0,372.49,373.57
522,1883,0,0,373.68,374.97
523,1379,0,0,375.08,376.05
526,809,0,0,376.16,376.67
527,805,0,0,376.78,377.28
529,1957,0,0,377.39,378.73
533,194,0,1,378.83,378.96
538,231,1,1,378.83,379.07
536,782,0,0,378.83,379.43
530,1254,0,0,379.54,380.43
531,1353,0,0,380.54,381.39
532,1233,0,0,381.50,382.38
534,1210,0,0,382.49,383.36
535,852,0,0,383.47,384.11
537,1364,0,0,384.22,385.07
539,859,0,0,385.18,385.83
542,494,1,0,385.93,386.28
544,433,2,0,385.93,386.39
540,782,0,0,385.93,386.50
548,481,1,0,386.39,386.74
541,1168,0,0,386.61,387.44
543,861,0,0,387.55,388.08
545,1779,0,0,388.19,389.42
546,1705,0,0,389.53,390.64
547,1545,0,0,390.75,391.80
549,1792,0,0,391.91,393.06
550,151,0,1,393.16,393.37
559,419,1,0,393.16,393.48
551,311,1,1,393.16,393.48
555,566,0,0,393.16,393.59
557,411,2,0,393.16,393.59
552,1264,0,0,393.70,394.60
553,982,0,0,394.71,395.33
554,1888,0,0,395.44,396.62
556,1578,0,0,396.73,397.71
558,1459,0,0,397.82,398.73
561,217,1,1,398.83,399.00
560,517,0,0,398.83,399.21
565,460,2,0,398.83,399.32
569,733,1,0,398.83,399.43
562,1409,0,0,399.32,400.32
563,934,0,0,400.43,401.01
564,970,0,0,401.12,401.73
566,1149,0,0,401.84,402.56
567,1045,0,0,402.67,403.43
568,1376,0,0,403.54,404.40
575,294,0,1,404.50,404.70
574,281,1,1,404.50,404.81
572,529,1,0,404.50,404.92
570,726,0,0,404.50,405.02
573,621,2,0,404.50,405.13
571,1971,0,0,405.13,406.47
576,1459,0,0,406.58,407.49
577,1356,0,0,407.60,408.56
578,920,0,0,408.67,409.36
579,1746,0,0,409.47,410.60
580,272,0,1,410.70,410.88
585,290,1,1,410.70,410.99
581,1054,0,0,410.70,411.47
582,876,0,0,411.58,412.13
583,1541,0,0,412.24,413.20
584,812,0,0,413.31,413.93
586,1092,0,0,414.04,414.83
587,1099,0,0,414.94,415.74
588,1164,0,0,415.85,416.69
589,840,0,0,416.80,417.32
595,467,0,0,417.42,417.74
593,313,0,1,417.42,417.74
594,587,1,0,417.42,417.95
596,524,2,0,417.42,417.95
590,1759,0,0,417.84,418.94
591,1501,0,0,419.05,420.10
592,1371,0,0,420.21,421.07
597,1277,0,0,421.18,421.97
598,801,0,0,422.08,422.58
599,946,0,0,422.69,423.29
