task_id,length,deadline,vm_id,thread,start_time,finish_time,exec_time,cost
3,208,888,0,1,0.10000,0.31455,0.21455,0.00832
8,115,310,2,1,0.10000,0.31455,0.21455,0.00209
7,403,844,1,0,0.10000,0.42455,0.32455,0.01439
0,1893,2095,2,0,0.10000,1.78750,1.68750,0.04732
1,1149,1499,2,0,1.89750,2.95750,1.06000,0.02873
2,839,1251,2,0,3.06750,3.80917,0.74167,0.02098
4,719,1227,2,0,3.91917,4.62833,0.70917,0.01797
5,814,1622,2,0,4.73833,5.41667,0.67833,0.02035
6,1093,1957,2,0,5.52667,6.54833,1.02167,0.02733
9,778,1474,2,0,6.65833,7.30667,0.64833,0.01945
16,488,873,0,0,0.74833,1.05333,0.30500,0.02135
10,969,1746,2,0,0.74833,1.66583,0.91750,0.02423
11,501,1382,2,0,1.77583,2.19416,0.41833,0.01253
12,524,1091,2,0,2.30416,2.74083,0.43667,0.01310
13,824,1341,2,0,2.85083,3.64833,0.79750,0.02060
14,1308,1624,2,0,3.75833,4.84833,1.09000,0.03270
15,552,1482,2,0,4.95833,5.52916,0.57083,0.01380
17,441,1322,2,0,5.63916,6.11666,0.47750,0.01103
18,968,1844,2,0,6.22666,7.14416,0.91750,0.02420
19,993,1846,2,0,7.25416,8.19250,0.93833,0.02483
21,242,501,0,1,1.03833,1.30966,0.27133,0.00968
28,558,734,0,0,1.03833,1.41966,0.38133,0.02441
23,402,901,1,0,1.03833,1.41966,0.38133,0.01436
24,595,782,2,0,1.03833,1.63966,0.60133,0.01488
25,398,906,0,1,1.41966,1.74966,0.33000,0.01592
20,1118,1317,2,0,1.74966,2.68216,0.93250,0.02795
22,753,1193,2,0,2.79216,3.41966,0.62750,0.01882
26,1235,1847,2,0,3.52966,4.64000,1.11033,0.03087
27,812,1657,2,0,4.75000,5.42666,0.67667,0.02030
29,1772,2504,2,0,5.53666,7.12416,1.58750,0.04430
31,242,806,0,1,1.68750,1.95883,0.27133,0.00968
35,738,910,1,0,1.68750,2.32464,0.63714,0.02636
30,1309,1612,2,0,1.68750,2.88833,1.20083,0.03273
32,1261,1744,2,0,2.99833,4.10917,1.11083,0.03153
33,852,1404,2,0,4.21917,5.04000,0.82083,0.02130
34,734,1179,2,0,5.15000,5.87250,0.72250,0.01835
36,1543,2156,2,0,5.98250,7.26833,1.28583,0.03858
37,693,1008,2,0,7.37833,8.06583,0.68750,0.01733
38,1513,1767,2,0,8.17583,9.43833,1.26250,0.03783
39,1686,1911,2,0,9.54833,11.06417,1.51583,0.04215
41,474,583,0,0,1.61583,1.91208,0.29625,0.02074
40,1075,1492,2,0,1.61583,2.62166,1.00583,0.02688
42,593,1407,2,0,2.73166,3.22666,0.49500,0.01482
43,420,1156,2,0,3.33666,3.79666,0.46000,0.01050
44,841,1012,2,0,3.90666,4.71750,0.81083,0.02103
45,649,1062,2,0,4.82750,5.47833,0.65083,0.01623
46,533,1285,2,0,5.58833,6.07000,0.48167,0.01332
47,792,1131,2,0,6.18000,6.84000,0.66000,0.01980
48,1335,2059,2,0,6.95000,8.17416,1.22417,0.03338
49,994,1365,2,0,8.28416,9.11250,0.82833,0.02485
56,425,572,1,0,0.92833,1.23190,0.30357,0.01518
55,656,782,0,0,0.92833,1.44833,0.52000,0.02870
50,948,1828,2,0,0.92833,1.82833,0.90000,0.02370
51,1639,2387,2,0,1.93833,3.30500,1.36667,0.04098
52,1175,2095,2,0,3.41500,4.50416,1.08917,0.02938
53,1867,2378,2,0,4.61416,6.28000,1.66583,0.04668
54,1393,1966,2,0,6.39000,7.55250,1.16250,0.03483
57,673,1335,2,0,7.66250,8.33333,0.67083,0.01683
58,1980,2143,2,0,8.44333,10.20416,1.76083,0.04950
59,956,1442,2,0,10.31416,11.11083,0.79667,0.02390
62,109,323,0,1,0.89667,0.96934,0.07267,0.00436
65,157,282,2,1,0.89667,1.07934,0.18267,0.00285
67,261,771,0,1,1.07934,1.29934,0.22000,0.01044
66,216,1107,2,1,1.18934,1.40934,0.22000,0.00393
64,746,867,1,0,0.89667,1.51934,0.62267,0.02664
60,1226,1989,2,0,0.89667,2.02834,1.13167,0.03065
61,1146,1825,2,0,2.13834,3.09417,0.95583,0.02865
63,934,1700,2,0,3.20417,4.09334,0.88917,0.02335
68,527,1364,2,0,4.20334,4.64334,0.44000,0.01318
69,1710,2116,2,0,4.75334,6.28834,1.53500,0.04275
70,903,1096,2,0,1.63500,2.49750,0.86250,0.02257
71,1908,2785,2,0,2.60750,4.23500,1.62750,0.04770
72,1077,1358,2,0,4.34500,5.24333,0.89833,0.02692
73,1927,2821,2,0,5.35333,7.06917,1.71583,0.04817
74,853,1580,2,0,7.17917,8.00000,0.82083,0.02133
75,1433,2421,2,0,8.11000,9.30500,1.19500,0.03582
76,1641,2476,2,0,9.41500,10.89333,1.47833,0.04103
77,965,1846,2,0,11.00333,11.80750,0.80417,0.02413
78,782,1330,2,0,11.91750,12.56917,0.65167,0.01955
79,949,1508,2,0,12.67917,13.58083,0.90167,0.02373
83,471,853,0,0,1.00167,1.29605,0.29438,0.02061
85,630,795,1,0,1.00167,1.51605,0.51438,0.02250
80,1092,1821,2,0,1.00167,2.02167,1.02000,0.02730
81,963,1401,2,0,2.13167,3.04500,0.91333,0.02408
82,760,1579,2,0,3.15500,3.78834,0.63333,0.01900
84,556,1379,2,0,3.89834,4.36167,0.46333,0.01390
86,1522,2270,2,0,4.47167,5.74000,1.26833,0.03805
87,865,1055,2,0,5.85000,6.68084,0.83083,0.02163
88,1026,1260,2,0,6.79084,7.64584,0.85500,0.02565
89,1212,1912,2,0,7.75584,8.86667,1.11083,0.03030
97,103,980,2,1,1.21083,1.30447,0.09364,0.00187
96,211,549,1,1,1.21083,1.41447,0.20364,0.00649
92,440,906,0,0,1.21083,1.52447,0.31364,0.01925
98,667,949,1,0,1.21083,1.74447,0.53364,0.02382
90,1964,2645,2,0,1.21083,2.95750,1.74667,0.04910
91,647,1484,2,0,3.06750,3.71666,0.64917,0.01618
93,410,1039,2,0,3.82666,4.16833,0.34167,0.01025
94,1465,1942,2,0,4.27833,5.61000,1.33167,0.03663
95,1146,1483,2,0,5.72000,6.67583,0.95583,0.02865
99,678,1066,2,0,6.78583,7.46083,0.67500,0.01695
101,265,865,0,1,0.77500,0.95167,0.17667,0.01060
105,201,1034,2,1,0.77500,1.06167,0.28667,0.00365
106,528,759,1,0,0.77500,1.17167,0.39667,0.01886
100,1676,2663,2,0,0.77500,2.28167,1.50667,0.04190
102,1853,2454,2,0,2.39167,4.04667,1.65500,0.04633
103,949,1388,2,0,4.15667,5.05750,0.90083,0.02373
104,725,1587,2,0,5.16750,5.88250,0.71500,0.01813
107,1572,2525,2,0,5.99250,7.41333,1.42083,0.03930
108,1974,2865,2,0,7.52333,9.27917,1.75583,0.04935
109,711,1527,2,0,9.38917,10.09167,0.70250,0.01778
110,644,1329,2,0,0.80250,1.33917,0.53667,0.01610
111,886,1446,2,0,1.44917,2.18750,0.73833,0.02215
112,1263,2207,2,0,2.29750,3.40750,1.11000,0.03158
113,551,1322,2,0,3.51750,4.08667,0.56917,0.01377
114,1090,1637,2,0,4.19667,5.10500,0.90833,0.02725
115,653,1613,2,0,5.21500,5.75917,0.54417,0.01633
116,1316,1763,2,0,5.86917,7.01917,1.15000,0.03290
117,2000,2975,2,0,7.12917,8.90667,1.77750,0.05000
118,945,1483,2,0,9.01667,9.80417,0.78750,0.02363
119,793,1399,2,0,9.91417,10.68500,0.77083,0.01983
121,437,666,0,0,0.87083,1.14396,0.27313,0.01912
120,794,1484,2,0,0.87083,1.64250,0.77167,0.01985
122,1052,1446,2,0,1.75250,2.62916,0.87667,0.02630
123,1923,2683,2,0,2.73916,4.34250,1.60333,0.04808
124,1763,2371,2,0,4.45250,6.03250,1.58000,0.04408
125,1009,1932,2,0,6.14250,7.09416,0.95167,0.02522
126,1452,1905,2,0,7.20416,8.52500,1.32083,0.03630
127,1719,2599,2,0,8.63500,10.06833,1.43333,0.04298
128,1406,2388,2,0,10.17833,11.35000,1.17167,0.03515
129,1429,2130,2,0,11.46000,12.76166,1.30167,0.03573
132,129,475,0,1,1.40167,1.48767,0.08600,0.00516
133,426,845,1,0,1.40167,1.81596,0.41429,0.01521
130,982,1390,2,0,1.40167,2.33000,0.92833,0.02455
131,1579,2377,2,0,2.44000,3.86584,1.42583,0.03948
134,1360,1566,2,0,3.97584,5.21917,1.24333,0.03400
135,1362,1535,2,0,5.32917,6.54667,1.21750,0.03405
136,1144,2016,2,0,6.65667,7.72084,1.06417,0.02860
137,602,1137,2,0,7.83084,8.33250,0.50167,0.01505
138,1538,1754,2,0,8.44250,9.72500,1.28250,0.03845
139,1385,1914,2,0,9.83500,11.10000,1.26500,0.03462
144,285,1284,2,1,1.36500,1.62409,0.25909,0.00518
140,698,1319,2,0,1.36500,2.05667,0.69167,0.01745
141,689,1508,2,0,2.16667,2.74083,0.57417,0.01723
142,1628,2419,2,0,2.85083,4.31833,1.46750,0.04070
143,1777,2548,2,0,4.42833,6.02000,1.59167,0.04442
145,671,1117,2,0,6.13000,6.68917,0.55917,0.01678
146,966,1225,2,0,6.79917,7.60500,0.80583,0.02415
147,436,1390,2,0,7.71500,8.18833,0.47333,0.01090
148,1467,2432,2,0,8.29833,9.59750,1.29917,0.03668
149,880,1780,2,0,9.70750,10.44083,0.73333,0.02200
156,170,791,1,1,0.83333,0.96410,0.13077,0.00523
151,625,732,0,0,0.83333,1.33396,0.50063,0.02734
159,560,662,1,0,0.83333,1.33396,0.50063,0.02000
158,558,900,2,0,0.83333,1.33396,0.50063,0.01395
150,1693,2352,2,0,1.44395,2.96500,1.52104,0.04233
152,826,1546,2,0,3.07500,3.76333,0.68833,0.02065
153,1830,2787,2,0,3.87333,5.50833,1.63500,0.04575
154,1110,1901,2,0,5.61833,6.65333,1.03500,0.02775
155,510,1001,2,0,6.76333,7.26833,0.50500,0.01275
157,615,1413,2,0,7.37833,7.89083,0.51250,0.01537
162,569,940,0,0,0.61250,0.96813,0.35563,0.02489
160,989,1690,2,0,0.61250,1.54667,0.93417,0.02473
161,1865,2534,2,0,1.65667,3.32083,1.66417,0.04663
163,965,1216,2,0,3.43083,4.23500,0.80417,0.02413
164,1494,1703,2,0,4.34500,5.59083,1.24583,0.03735
165,788,1172,2,0,5.70083,6.35833,0.65750,0.01970
166,932,1857,2,0,6.46833,7.35500,0.88667,0.02330
167,864,1036,2,0,7.46500,8.29500,0.83000,0.02160
168,921,1430,2,0,8.40500,9.28250,0.87750,0.02302
169,1315,1461,2,0,9.39250,10.50250,1.11000,0.03288
175,152,944,0,1,1.21000,1.31133,0.10133,0.00608
179,469,601,0,0,1.21000,1.53133,0.32133,0.02052
177,648,852,1,0,1.21000,1.75133,0.54133,0.02314
170,1815,2196,2,0,1.21000,2.83250,1.62250,0.04538
171,1522,1820,2,0,2.94250,4.32167,1.37917,0.03805
172,903,1078,2,0,4.43167,5.18417,0.75250,0.02257
173,1880,2672,2,0,5.29417,6.97167,1.67750,0.04700
174,1105,1354,2,0,7.08167,8.00250,0.92083,0.02762
176,670,1287,2,0,8.11250,8.77833,0.66583,0.01675
178,773,1688,2,0,8.88833,9.53250,0.64417,0.01933
180,136,859,0,1,0.74417,0.83484,0.09067,0.00544
187,219,1206,2,1,0.74417,1.05326,0.30909,0.00398
183,603,780,1,0,0.74417,1.27326,0.52909,0.02154
181,1782,2143,2,0,0.74417,2.33917,1.59500,0.04455
182,1619,2159,2,0,2.44917,3.80000,1.35083,0.04048
184,1138,1635,2,0,3.91000,4.96834,1.05833,0.02845
185,926,1269,2,0,5.07834,5.96084,0.88250,0.02315
186,1634,2433,2,0,6.07084,7.54334,1.47250,0.04085
188,935,1424,2,0,7.65334,8.53334,0.88000,0.02338
189,1607,2205,2,0,8.64334,10.09417,1.45083,0.04017
199,214,456,2,1,1.55083,1.74538,0.19455,0.00389
192,619,784,0,0,1.55083,1.95726,0.40643,0.02708
197,415,610,1,0,1.55083,1.95726,0.40643,0.01482
190,830,1772,2,0,1.55083,2.35250,0.80167,0.02075
191,1116,1759,2,0,2.46250,3.49083,1.02833,0.02790
193,502,1497,2,0,3.60083,4.12916,0.52833,0.01255
194,1831,2064,2,0,4.23916,5.87583,1.63667,0.04577
195,1408,1933,2,0,5.98583,7.27000,1.28417,0.03520
196,849,1076,2,0,7.38000,8.19750,0.81750,0.02123
198,483,1064,2,0,8.30750,8.82000,0.51250,0.01208
203,266,1229,2,1,0.61250,0.85432,0.24182,0.00484
209,779,949,0,0,0.61250,1.20938,0.59688,0.03408
200,630,1393,2,0,0.61250,1.20938,0.59688,0.01575
201,818,1252,2,0,1.31938,2.00104,0.68167,0.02045
202,1225,1729,2,0,2.11104,3.22167,1.11062,0.03062
204,1587,2101,2,0,3.33167,4.76417,1.43250,0.03968
205,1577,2455,2,0,4.87417,6.18917,1.31500,0.03943
206,1925,2054,2,0,6.29917,7.90500,1.60583,0.04813
207,1598,2088,2,0,8.01500,9.34750,1.33250,0.03995
208,1843,2418,2,0,9.45750,11.10417,1.64667,0.04608
218,276,994,0,1,1.74667,1.93067,0.18400,0.01104
210,1823,2493,2,0,1.74667,3.37584,1.62917,0.04558
211,692,1032,2,0,3.48584,4.17250,0.68667,0.01730
212,580,1431,2,0,4.28250,4.76584,0.48333,0.01450
213,521,1192,2,0,4.87584,5.42000,0.54417,0.01302
214,889,1105,2,0,5.53000,6.27084,0.74083,0.02222
215,810,1743,2,0,6.38084,7.16584,0.78500,0.02025
216,1852,2245,2,0,7.27584,8.82000,1.54417,0.04630
217,1320,2101,2,0,8.93000,10.04084,1.11083,0.03300
219,529,1282,2,0,10.15084,10.59167,0.44083,0.01323
220,181,995,0,1,0.54083,0.66150,0.12067,0.00724
223,191,810,1,1,0.54083,0.77150,0.23067,0.00588
226,237,404,2,1,0.54083,0.77150,0.23067,0.00431
221,813,1798,2,0,0.54083,1.32833,0.78750,0.02033
222,1546,2035,2,0,1.43833,2.72666,1.28833,0.03865
224,1086,1702,2,0,2.83666,3.74166,0.90500,0.02715
225,709,1435,2,0,3.85166,4.44333,0.59167,0.01772
227,1905,2579,2,0,4.55333,6.25166,1.69833,0.04762
228,824,1272,2,0,6.36166,7.15833,0.79667,0.02060
229,897,1216,2,0,7.26833,8.12583,0.85750,0.02243
239,645,922,0,0,0.95750,1.36063,0.40313,0.02822
230,655,1437,2,0,0.95750,1.58063,0.62313,0.01637
231,894,1477,2,0,1.69063,2.43563,0.74500,0.02235
232,616,1181,2,0,2.54563,3.05896,0.51333,0.01540
233,1785,2025,2,0,3.16896,4.76667,1.59771,0.04463
234,1407,2172,2,0,4.87667,6.14000,1.26333,0.03518
235,578,1308,2,0,6.25000,6.73167,0.48167,0.01445
236,1051,1956,2,0,6.84167,7.71750,0.87583,0.02628
237,1246,1855,2,0,7.82750,8.89583,1.06833,0.03115
238,901,1109,2,0,9.00583,9.86750,0.86167,0.02253
247,234,1098,2,1,0.96167,1.17440,0.21273,0.00425
249,226,1088,2,1,1.28440,1.48985,0.20545,0.00411
240,1968,2697,2,0,0.96167,2.71000,1.74833,0.04920
241,1336,2308,2,0,2.82000,3.93500,1.11500,0.03340
242,869,1605,2,0,4.04500,4.87917,0.83417,0.02172
243,1256,2050,2,0,4.98917,6.12834,1.13917,0.03140
244,1536,1716,2,0,6.23834,7.51917,1.28083,0.03840
245,887,1648,2,0,7.62917,8.36834,0.73917,0.02217
246,998,1810,2,0,8.47834,9.42084,0.94250,0.02495
248,1341,2238,2,0,9.53084,10.75834,1.22750,0.03353
253,212,771,0,1,1.32750,1.46883,0.14133,0.00848
258,587,972,1,0,1.32750,1.85679,0.52929,0.02096
250,1462,1795,2,0,1.32750,2.65583,1.32833,0.03655
251,1446,1565,2,0,2.76583,3.97250,1.20667,0.03615
252,652,1344,2,0,4.08250,4.62583,0.54333,0.01630
254,1973,2314,2,0,4.73583,6.49000,1.75417,0.04933
255,952,1187,2,0,6.60000,7.50417,0.90417,0.02380
256,763,1679,2,0,7.61417,8.25083,0.63667,0.01908
257,930,1505,2,0,8.36083,9.24667,0.88583,0.02325
259,938,1505,2,0,9.35667,10.13917,0.78250,0.02345
268,149,616,0,1,0.88250,0.98183,0.09933,0.00596
266,236,1054,2,1,0.88250,1.20183,0.31933,0.00429
260,1545,2365,2,0,0.88250,2.28000,1.39750,0.03863
261,929,1491,2,0,2.39000,3.27500,0.88500,0.02323
262,815,1476,2,0,3.38500,4.17500,0.79000,0.02038
263,1151,2058,2,0,4.28500,5.35417,1.06917,0.02878
264,973,1968,2,0,5.46417,6.27583,0.81167,0.02433
265,721,1065,2,0,6.38583,7.09667,0.71083,0.01803
267,788,1581,2,0,7.20667,7.97417,0.76750,0.01970
269,1658,1789,2,0,8.08417,9.46667,1.38250,0.04145
270,158,956,0,1,1.48250,1.58783,0.10533,0.00632
278,554,890,0,0,1.48250,1.92536,0.44286,0.02424
274,466,976,1,0,1.48250,1.92536,0.44286,0.01664
271,429,1174,2,0,1.48250,1.92536,0.44286,0.01072
272,751,1059,2,0,2.03536,2.77119,0.73583,0.01878
273,964,1078,2,0,2.88119,3.79500,0.91381,0.02410
275,993,1714,2,0,3.90500,4.73250,0.82750,0.02483
276,1716,2118,2,0,4.84250,6.38333,1.54083,0.04290
277,1543,2064,2,0,6.49333,7.89000,1.39667,0.03858
279,1040,1393,2,0,8.00000,8.97750,0.97750,0.02600
289,135,1013,2,1,1.07750,1.31023,0.23273,0.00245
280,552,924,0,0,1.07750,1.53023,0.45273,0.02415
281,835,1159,2,0,1.07750,1.88333,0.80583,0.02087
282,870,1694,2,0,1.99333,2.81250,0.81917,0.02175
283,884,1796,2,0,2.92250,3.65917,0.73667,0.02210
284,472,1296,2,0,3.76917,4.16250,0.39333,0.01180
285,1882,2302,2,0,4.27250,5.84167,1.56917,0.04705
286,1718,1935,2,0,5.95167,7.38500,1.43333,0.04295
287,901,1887,2,0,7.49500,8.24583,0.75083,0.02253
288,748,1036,2,0,8.35583,9.09000,0.73417,0.01870
290,1660,2594,2,0,0.83417,2.21750,1.38333,0.04150
291,1579,2564,2,0,2.32750,3.64417,1.31667,0.03948
292,723,1592,2,0,3.75417,4.44667,0.69250,0.01808
293,1099,1841,2,0,4.55667,5.58334,1.02667,0.02748
294,852,1236,2,0,5.69334,6.40334,0.71000,0.02130
295,814,1655,2,0,6.51334,7.19167,0.67833,0.02035
296,563,1469,2,0,7.30167,7.88084,0.57917,0.01407
297,920,1784,2,0,7.99084,8.86834,0.87750,0.02300
298,1747,1944,2,0,8.97834,10.43417,1.45583,0.04368
299,956,1776,2,0,10.54417,11.34084,0.79667,0.02390
306,545,718,0,0,0.89667,1.23730,0.34063,0.02384
300,716,1498,2,0,0.89667,1.60334,0.70667,0.01790
301,1015,1481,2,0,1.71334,2.55917,0.84583,0.02537
302,1524,1740,2,0,2.66917,3.94084,1.27167,0.03810
303,676,1406,2,0,4.05084,4.72417,0.67333,0.01690
304,1143,1289,2,0,4.83417,5.85917,1.02500,0.02858
305,952,1105,2,0,5.96917,6.76334,0.79417,0.02380
307,730,1448,2,0,6.87334,7.51500,0.64167,0.01825
308,1080,1804,2,0,7.62500,8.52500,0.90000,0.02700
309,1697,2655,2,0,8.63500,10.16000,1.52500,0.04243
313,274,488,1,1,1.62500,1.83577,0.21077,0.00843
310,668,933,0,0,1.62500,2.05577,0.43077,0.02922
317,113,787,1,1,1.94577,2.05577,0.11000,0.00348
316,433,770,2,0,1.62500,2.05577,0.43077,0.01083
311,965,1141,2,0,2.16577,2.97000,0.80423,0.02413
312,852,1516,2,0,3.08000,3.90083,0.82083,0.02130
314,482,1194,2,0,4.01083,4.41250,0.40167,0.01205
315,1092,1494,2,0,4.52250,5.43250,0.91000,0.02730
318,621,1477,2,0,5.54250,6.15250,0.61000,0.01552
319,1599,2260,2,0,6.26250,7.70583,1.44333,0.03998
323,562,980,0,0,1.54333,1.89458,0.35125,0.02459
320,1758,2506,2,0,1.54333,3.11500,1.57167,0.04395
321,1756,1898,2,0,3.22500,4.68833,1.46333,0.04390
322,951,1546,2,0,4.79833,5.59083,0.79250,0.02377
324,941,1049,2,0,5.70083,6.48583,0.78500,0.02353
325,1989,2320,2,0,6.59583,8.25416,1.65833,0.04973
326,1805,2457,2,0,8.36416,9.97916,1.61500,0.04513
327,1082,2054,2,0,10.08916,10.99083,0.90167,0.02705
328,1367,1529,2,0,11.10083,12.35083,1.25000,0.03418
329,736,1121,2,0,12.46083,13.16666,0.70583,0.01840
338,242,1170,2,1,0.80583,1.02583,0.22000,0.00440
333,689,891,0,0,0.80583,1.34646,0.54063,0.03014
330,1323,1577,2,0,0.80583,2.01833,1.21250,0.03308
331,895,1471,2,0,2.12833,2.98500,0.85667,0.02238
332,1554,1690,2,0,3.09500,4.50083,1.40583,0.03885
334,474,1040,2,0,4.61083,5.11583,0.50500,0.01185
335,429,1035,2,0,5.22583,5.69333,0.46750,0.01072
336,1934,2631,2,0,5.80333,7.42750,1.62417,0.04835
337,1847,2411,2,0,7.53750,9.18833,1.65083,0.04617
339,933,1529,2,0,9.29833,10.18583,0.88750,0.02333
342,409,623,0,0,0.98750,1.24313,0.25563,0.01789
346,358,1074,2,1,0.98750,1.35313,0.36563,0.00651
345,757,927,1,0,0.98750,1.57312,0.58563,0.02704
340,1341,1690,2,0,0.98750,2.21500,1.22750,0.03353
341,701,1027,2,0,2.32500,2.91000,0.58500,0.01753
343,770,1507,2,0,3.02000,3.77167,0.75167,0.01925
344,1050,1840,2,0,3.88167,4.75667,0.87500,0.02625
347,1178,1549,2,0,4.86667,5.86917,1.00250,0.02945
348,977,1755,2,0,5.97917,6.81167,0.83250,0.02443
349,1865,2539,2,0,6.92167,8.55167,1.63000,0.04663
350,428,646,0,0,1.73000,1.99750,0.26750,0.01873
351,702,1369,2,0,1.73000,2.42500,0.69500,0.01755
352,623,1199,2,0,2.53500,3.05417,0.51917,0.01557
353,1302,2166,2,0,3.16417,4.27417,1.11000,0.03255
354,846,1596,2,0,4.38417,5.08917,0.70500,0.02115
355,509,1406,2,0,5.19917,5.62333,0.42417,0.01273
356,1111,1673,2,0,5.73333,6.66583,0.93250,0.02777
357,1638,2447,2,0,6.77583,8.25167,1.47583,0.04095
358,784,1290,2,0,8.36167,9.01500,0.65333,0.01960
359,675,1365,2,0,9.12500,9.79750,0.67250,0.01688
363,339,980,1,1,0.77250,1.03327,0.26077,0.01043
360,454,709,0,0,0.77250,1.14327,0.37077,0.01986
365,483,743,2,0,0.77250,1.25327,0.48077,0.01208
361,1674,2179,2,0,1.36327,2.75833,1.39506,0.04185
362,1658,2408,2,0,2.86833,4.36000,1.49167,0.04145
364,1070,2019,2,0,4.47000,5.47250,1.00250,0.02675
366,1262,1564,2,0,5.58250,6.69333,1.11083,0.03155
367,821,1742,2,0,6.80333,7.48833,0.68500,0.02053
368,738,1476,2,0,7.59833,8.21333,0.61500,0.01845
369,993,1768,2,0,8.32333,9.26167,0.93833,0.02483
372,295,1005,2,1,1.03833,1.30651,0.26818,0.00536
376,823,978,0,0,1.03833,1.66270,0.62438,0.03601
378,846,947,1,0,1.03833,1.66270,0.62438,0.03021
370,1585,2052,2,0,1.03833,2.46916,1.43083,0.03963
371,1935,2314,2,0,2.57916,4.19333,1.61417,0.04838
373,1044,1888,2,0,4.30333,5.17333,0.87000,0.02610
374,674,1104,2,0,5.28333,5.95583,0.67250,0.01685
375,1961,2347,2,0,6.06583,7.70000,1.63417,0.04903
377,1997,2882,2,0,7.81000,9.58500,1.77500,0.04993
379,1331,1447,2,0,9.69500,10.91500,1.22000,0.03328
388,124,1105,2,1,1.32000,1.43273,0.11273,0.00225
389,399,937,0,1,1.32000,1.65273,0.33273,0.01596
380,1543,1944,2,0,1.32000,2.71583,1.39583,0.03858
381,1026,1749,2,0,2.82583,3.68167,0.85583,0.02565
382,1194,1419,2,0,3.79167,4.78667,0.99500,0.02985
383,1585,2352,2,0,4.89667,6.21833,1.32167,0.03963
384,483,1012,2,0,6.32833,6.73250,0.40417,0.01208
385,1661,1801,2,0,6.84250,8.33750,1.49500,0.04153
386,943,1395,2,0,8.44750,9.34417,0.89667,0.02358
387,1320,1857,2,0,9.45417,10.56417,1.11000,0.03300
396,452,810,0,0,1.21000,1.59357,0.38357,0.01977
398,537,907,1,0,1.21000,1.70357,0.49357,0.01918
390,943,1615,2,0,1.21000,2.10583,0.89583,0.02358
391,846,1443,2,0,2.21583,2.92500,0.70917,0.02115
392,665,1534,2,0,3.03500,3.58917,0.55417,0.01663
393,451,1218,2,0,3.69917,4.07500,0.37583,0.01128
394,1575,2012,2,0,4.18500,5.53250,1.34750,0.03938
395,861,1210,2,0,5.64250,6.47083,0.82833,0.02153
397,1194,1929,2,0,6.58083,7.57667,0.99583,0.02985
399,639,1009,2,0,7.68667,8.32917,0.64250,0.01598
409,461,730,0,0,0.74250,1.03063,0.28813,0.02017
403,372,1256,2,1,0.74250,1.14063,0.39813,0.00676
408,235,1161,2,1,1.25062,1.56167,0.31104,0.00427
400,1578,1888,2,0,0.74250,2.14167,1.39917,0.03945
401,729,1305,2,0,2.25167,2.96917,0.71750,0.01823
402,1480,2032,2,0,3.07917,4.31333,1.23417,0.03700
404,976,1387,2,0,4.42333,5.34750,0.92417,0.02440
405,1569,1730,2,0,5.45750,6.76667,1.30917,0.03923
406,1660,2644,2,0,6.87667,8.26083,1.38417,0.04150
407,1690,2669,2,0,8.37083,9.89083,1.52000,0.04225
417,334,580,2,1,1.62000,1.92364,0.30364,0.00607
414,511,865,1,0,1.62000,2.03364,0.41364,0.01825
412,671,906,0,0,1.62000,2.14364,0.52364,0.02936
418,379,568,2,1,2.03364,2.49000,0.45636,0.00689
410,1374,1566,2,0,1.62000,2.82000,1.20000,0.03435
411,1273,1402,2,0,2.93000,4.04083,1.11083,0.03183
413,1476,1870,2,0,4.15083,5.38083,1.23000,0.03690
415,1539,2322,2,0,5.49083,6.88417,1.39333,0.03847
416,1434,2031,2,0,6.99417,8.19083,1.19667,0.03585
419,830,1610,2,0,8.30083,9.10250,0.80167,0.02075
428,122,969,1,1,0.90167,1.10552,0.20385,0.00375
425,439,650,0,0,0.90167,1.21552,0.31385,0.01921
420,1178,1390,2,0,0.90167,1.99334,1.09167,0.02945
421,871,1329,2,0,2.10334,2.83000,0.72667,0.02178
422,1613,1769,2,0,2.94000,4.39417,1.45417,0.04033
423,738,1393,2,0,4.50417,5.11917,0.61500,0.01845
424,580,1503,2,0,5.22917,5.82250,0.59333,0.01450
426,1697,2375,2,0,5.93250,7.34750,1.41500,0.04243
427,1509,2373,2,0,7.45750,8.71667,1.25917,0.03773
429,707,1275,2,0,8.82667,9.50084,0.67417,0.01767
437,379,908,1,1,0.77417,1.06571,0.29154,0.01166
431,523,876,0,0,0.77417,1.17571,0.40154,0.02288
430,1128,2033,2,0,0.77417,1.82417,1.05000,0.02820
432,1549,1775,2,0,1.93417,3.33500,1.40083,0.03872
433,654,1027,2,0,3.44500,4.10000,0.65500,0.01635
434,1472,2034,2,0,4.21000,5.54667,1.33667,0.03680
435,896,1120,2,0,5.65667,6.40334,0.74667,0.02240
436,421,1304,2,0,6.51334,6.97417,0.46083,0.01053
438,844,1297,2,0,7.08417,7.78834,0.70417,0.02110
439,585,1284,2,0,7.89834,8.49667,0.59833,0.01462
446,348,1283,2,1,0.69833,1.01469,0.31636,0.00633
444,583,992,0,0,0.69833,1.12469,0.42636,0.02551
440,414,1239,2,0,0.69833,1.12469,0.42636,0.01035
441,1360,1979,2,0,1.23469,2.47833,1.24364,0.03400
442,1838,2574,2,0,2.58833,4.12166,1.53333,0.04595
443,1922,2632,2,0,4.23166,5.83333,1.60167,0.04805
445,523,1438,2,0,5.94333,6.37916,0.43583,0.01308
447,1075,1257,2,0,6.48916,7.49416,1.00500,0.02688
448,919,1292,2,0,7.60416,8.47416,0.87000,0.02298
449,1756,2237,2,0,8.58416,10.15833,1.57417,0.04390
450,590,760,0,0,1.67417,2.04292,0.36875,0.02581
451,899,1216,2,0,1.67417,2.53334,0.85917,0.02248
452,1702,2598,2,0,2.64334,4.10250,1.45917,0.04255
453,852,1730,2,0,4.21250,4.92334,0.71083,0.02130
454,1235,1956,2,0,5.03334,6.14334,1.11000,0.03087
455,477,1284,2,0,6.25334,6.76084,0.50750,0.01193
456,916,1452,2,0,6.87084,7.63500,0.76417,0.02290
457,597,1020,2,0,7.74500,8.24334,0.49833,0.01492
458,1470,1649,2,0,8.35334,9.57917,1.22583,0.03675
459,812,1190,2,0,9.68917,10.47667,0.78750,0.02030
462,228,894,1,1,0.88750,1.06288,0.17538,0.00702
460,335,984,0,1,0.88750,1.17288,0.28538,0.01340
466,285,609,2,1,0.88750,1.17288,0.28538,0.00518
461,116,1040,2,1,1.28288,1.39288,0.11000,0.00211
463,816,1110,2,0,0.88750,1.61288,0.72538,0.02040
464,1449,2085,2,0,1.72288,3.04167,1.31878,0.03623
465,1931,2748,2,0,3.15167,4.76083,1.60917,0.04828
467,881,1208,2,0,4.87083,5.63167,0.76083,0.02203
468,984,1674,2,0,5.74167,6.56167,0.82000,0.02460
469,1826,2365,2,0,6.67167,8.19500,1.52333,0.04565
470,1347,1673,2,0,1.62333,2.74583,1.12250,0.03368
471,573,1347,2,0,2.85583,3.44416,0.58833,0.01433
472,601,1073,2,0,3.55416,4.13416,0.58000,0.01503
473,650,1128,2,0,4.24416,4.89583,0.65167,0.01625
474,708,1678,2,0,5.00583,5.70666,0.70083,0.01770
475,884,1706,2,0,5.81666,6.66333,0.84667,0.02210
476,1639,2069,2,0,6.77333,8.14000,1.36667,0.04098
477,739,1729,2,0,8.25000,8.86583,0.61583,0.01848
478,1821,2281,2,0,8.97583,10.60416,1.62833,0.04553
479,1092,1636,2,0,10.71416,11.62416,0.91000,0.02730
484,105,901,1,1,1.01000,1.09077,0.08077,0.00323
482,636,859,0,0,1.01000,1.51750,0.50750,0.02783
480,1453,2230,2,0,1.01000,2.33083,1.32083,0.03633
481,419,1286,2,0,2.44083,2.90000,0.45917,0.01048
483,955,1117,2,0,3.01000,3.81583,0.80583,0.02387
485,818,1259,2,0,3.92583,4.70167,0.77583,0.02045
486,997,1675,2,0,4.81167,5.64250,0.83083,0.02493
487,833,1149,2,0,5.75250,6.44667,0.69417,0.02083
488,439,1418,2,0,6.55667,6.92250,0.36583,0.01098
489,982,1377,2,0,7.03250,7.96167,0.92917,0.02455
493,198,1019,2,1,1.02917,1.20917,0.18000,0.00360
491,505,967,0,0,1.02917,1.42917,0.40000,0.02209
498,683,828,1,0,1.02917,1.53917,0.51000,0.02439
490,837,1511,2,0,1.02917,1.75917,0.73000,0.02093
492,963,1100,2,0,1.86917,2.67167,0.80250,0.02408
494,848,1663,2,0,2.78167,3.59834,0.81667,0.02120
495,1332,2227,2,0,3.70834,4.81917,1.11083,0.03330
496,740,1641,2,0,4.92917,5.54584,0.61667,0.01850
497,671,1573,2,0,5.65584,6.21500,0.55917,0.01678
499,744,1528,2,0,6.32500,7.05584,0.73083,0.01860
500,788,1232,2,0,0.83083,1.48750,0.65667,0.01970
501,875,1558,2,0,1.59750,2.32666,0.72917,0.02188
502,1418,1637,2,0,2.43666,3.72833,1.29167,0.03545
503,1783,2450,2,0,3.83833,5.32666,1.48833,0.04458
504,833,1646,2,0,5.43666,6.13083,0.69417,0.02083
505,818,1379,2,0,6.24083,7.03333,0.79250,0.02045
506,1966,2559,2,0,7.14333,8.78250,1.63917,0.04915
507,892,1210,2,0,8.89250,9.63583,0.74333,0.02230
508,1407,1789,2,0,9.74583,11.01333,1.26750,0.03518
509,1700,2094,2,0,11.12333,12.54000,1.41667,0.04250
516,385,709,0,1,1.51667,1.84590,0.32923,0.01540
518,285,976,1,1,1.51667,1.84590,0.32923,0.00877
510,914,1618,2,0,1.51667,2.38834,0.87167,0.02285
511,1140,1883,2,0,2.49834,3.47667,0.97833,0.02850
512,1260,1830,2,0,3.58667,4.69750,1.11083,0.03150
513,1843,2408,2,0,4.80750,6.45334,1.64583,0.04608
514,552,1210,2,0,6.56334,7.13417,0.57083,0.01380
515,812,1625,2,0,7.24417,7.92084,0.67667,0.02030
517,1873,2643,2,0,8.03084,9.70250,1.67167,0.04683
519,1741,2531,2,0,9.81250,11.26334,1.45083,0.04353
520,959,1878,2,0,1.55083,2.35000,0.79917,0.02398
521,935,1358,2,0,2.46000,3.34000,0.88000,0.02338
522,1724,2272,2,0,3.45000,4.99750,1.54750,0.04310
523,440,1174,2,0,5.10750,5.58416,0.47667,0.01100
524,910,1650,2,0,5.69416,6.45333,0.75917,0.02275
525,1249,1795,2,0,6.56333,7.71166,1.14833,0.03122
526,536,1456,2,0,7.82166,8.26833,0.44667,0.01340
527,1093,1871,2,0,8.37833,9.28916,0.91083,0.02733
528,1601,2007,2,0,9.39916,10.84416,1.44500,0.04003
529,615,1449,2,0,10.95416,11.46750,0.51333,0.01537
530,1614,2033,2,0,0.61333,1.95833,1.34500,0.04035
531,1224,1975,2,0,2.06833,3.17916,1.11083,0.03060
532,1038,1196,2,0,3.28916,4.15500,0.86583,0.02595
533,1311,1915,2,0,4.26500,5.37500,1.11000,0.03278
534,946,1073,2,0,5.48500,6.38333,0.89833,0.02365
535,581,1103,2,0,6.49333,6.97750,0.48417,0.01453
536,792,1602,2,0,7.08750,7.85750,0.77000,0.01980
537,1424,1803,2,0,7.96750,9.15583,1.18833,0.03560
538,469,1260,2,0,9.26583,9.76666,0.50083,0.01173
539,875,1658,2,0,9.87666,10.71583,0.83917,0.02188
543,235,477,0,1,0.93917,1.09584,0.15667,0.00940
540,898,1156,2,0,0.93917,1.79750,0.85833,0.02245
541,1977,2401,2,0,1.90750,3.59667,1.68917,0.04943
542,1425,1704,2,0,3.70667,5.00417,1.29750,0.03563
544,1220,1760,2,0,5.11417,6.22500,1.11083,0.03050
545,522,1382,2,0,6.33500,6.88000,0.54500,0.01305
546,792,1087,2,0,6.99000,7.76084,0.77083,0.01980
547,1621,2173,2,0,7.87084,9.30000,1.42917,0.04053
548,455,1244,2,0,9.41000,9.89917,0.48917,0.01138
549,569,1529,2,0,10.00917,10.59334,0.58417,0.01423
550,564,1001,2,0,0.68417,1.15417,0.47000,0.01410
551,861,1414,2,0,1.26417,2.09250,0.82833,0.02153
552,1487,2046,2,0,2.20250,3.44250,1.24000,0.03718
553,1192,1621,2,0,3.55250,4.57834,1.02583,0.02980
554,850,1029,2,0,4.68834,5.40250,0.71417,0.02125
555,841,1303,2,0,5.51250,6.21334,0.70083,0.02103
556,850,1052,2,0,6.32334,7.14167,0.81833,0.02125
557,686,1396,2,0,7.25167,7.93334,0.68167,0.01715
558,1610,1796,2,0,8.04334,9.38584,1.34250,0.04025
559,1796,2266,2,0,9.49584,11.10334,1.60750,0.04490
564,182,834,0,1,1.70750,1.93883,0.23133,0.00728
560,1842,2595,2,0,1.70750,3.35250,1.64500,0.04605
561,1232,2096,2,0,3.46250,4.57333,1.11083,0.03080
562,1359,1465,2,0,4.68333,5.85000,1.16667,0.03398
563,1608,2227,2,0,5.96000,7.41083,1.45083,0.04020
565,1156,2034,2,0,7.52083,8.57083,1.05000,0.02890
566,964,1212,2,0,8.68083,9.52083,0.84000,0.02410
567,704,1684,2,0,9.63083,10.30417,0.67333,0.01760
568,517,1194,2,0,10.41417,10.84500,0.43083,0.01293
569,1033,1839,2,0,10.95500,11.81583,0.86083,0.02583
575,452,646,1,0,0.96083,1.28369,0.32286,0.01614
573,633,961,0,0,0.96083,1.39369,0.43286,0.02769
570,1376,2033,2,0,0.96083,2.21750,1.25667,0.03440
571,1177,1893,2,0,2.32750,3.41916,1.09167,0.02943
572,879,1684,2,0,3.52916,4.26250,0.73333,0.02198
574,1110,1712,2,0,4.37250,5.29750,0.92500,0.02775
576,1243,1945,2,0,5.40750,6.51750,1.11000,0.03108
577,1101,2013,2,0,6.62750,7.54583,0.91833,0.02752
578,1471,2422,2,0,7.65583,8.99250,1.33667,0.03677
579,1890,2228,2,0,9.10250,10.67750,1.57500,0.04725
586,156,412,1,1,1.67500,1.79500,0.12000,0.00480
589,371,471,2,1,1.67500,2.12227,0.44727,0.00675
581,721,879,0,0,1.67500,2.23227,0.55727,0.03154
580,671,1176,2,0,1.67500,2.34227,0.66727,0.01678
582,451,1121,2,0,2.45227,2.93811,0.48583,0.01128
583,824,1568,2,0,3.04811,3.84500,0.79689,0.02060
584,965,1482,2,0,3.95500,4.86917,0.91417,0.02413
585,649,1216,2,0,4.97917,5.52000,0.54083,0.01623
587,803,1509,2,0,5.63000,6.35417,0.72417,0.02008
588,727,1380,2,0,6.46417,7.18000,0.71583,0.01818
593,374,1242,2,1,0.81583,1.15583,0.34000,0.00680
590,680,826,0,0,0.81583,1.26583,0.45000,0.02975
591,667,976,1,0,0.81583,1.37583,0.56000,0.02382
592,890,1441,2,0,0.81583,1.59583,0.78000,0.02225
594,1688,2554,2,0,1.70583,3.22333,1.51750,0.04220
595,884,1810,2,0,3.33333,4.07000,0.73667,0.02210
596,1239,1821,2,0,4.18000,5.29083,1.11083,0.03098
597,714,1423,2,0,5.40083,6.10583,0.70500,0.01785
598,1850,2118,2,0,6.21583,7.75833,1.54250,0.04625
599,1726,2481,2,0,7.86833,9.41750,1.54917,0.04315
609,163,650,1,1,1.64917,1.88455,0.23538,0.00502
608,691,952,0,0,1.64917,2.10455,0.45538,0.03023
600,1937,2775,2,0,1.64917,3.32500,1.67583,0.04843
601,721,1500,2,0,3.43500,4.03584,0.60083,0.01803
602,707,1326,2,0,4.14584,4.73500,0.58917,0.01767
603,685,1470,2,0,4.84500,5.41667,0.57167,0.01712
604,552,1109,2,0,5.52667,5.98667,0.46000,0.01380
605,1760,2604,2,0,6.09667,7.56417,1.46750,0.04400
606,821,1631,2,0,7.67417,8.35917,0.68500,0.02053
607,1002,1385,2,0,8.46917,9.30417,0.83500,0.02505
619,250,795,1,1,0.93500,1.12731,0.19231,0.00769
610,460,794,0,0,0.93500,1.23731,0.30231,0.02012
611,721,1267,2,0,0.93500,1.64583,0.71083,0.01803
612,618,1241,2,0,1.75583,2.27083,0.51500,0.01545
613,683,1567,2,0,2.38083,2.95000,0.56917,0.01708
614,1479,1656,2,0,3.06000,4.40333,1.34333,0.03697
615,1308,1877,2,0,4.51333,5.62333,1.11000,0.03270
616,592,1222,2,0,5.73333,6.33667,0.60333,0.01480
617,1129,1510,2,0,6.44667,7.49833,1.05167,0.02822
618,790,1285,2,0,7.60833,8.37667,0.76833,0.01975
626,248,429,0,1,0.86833,1.14366,0.27533,0.00992
628,442,897,1,0,0.86833,1.25366,0.38533,0.01579
620,1242,1732,2,0,0.86833,2.01333,1.14500,0.03105
621,1963,2831,2,0,2.12333,3.76000,1.63667,0.04907
622,662,1547,2,0,3.87000,4.43000,0.56000,0.01655
623,1851,2038,2,0,4.54000,6.19333,1.65333,0.04628
624,1353,1893,2,0,6.30333,7.43166,1.12833,0.03382
625,1591,2210,2,0,7.54166,8.86916,1.32750,0.03978
627,866,1295,2,0,8.97916,9.70083,0.72167,0.02165
629,1970,2702,2,0,9.81083,11.52000,1.70917,0.04925
634,151,640,1,1,1.80917,2.03532,0.22615,0.00465
632,316,1026,2,1,1.80917,2.14532,0.33615,0.00575
630,556,900,0,0,1.80917,2.25532,0.44615,0.02432
638,135,281,1,1,2.14532,2.25532,0.11000,0.00415
637,642,912,2,0,1.80917,2.36532,0.55615,0.01605
631,1787,2451,2,0,2.47532,3.96584,1.49051,0.04468
633,833,1353,2,0,4.07584,4.77000,0.69417,0.02083
635,1159,1420,2,0,4.88000,5.84667,0.96667,0.02897
636,1047,1479,2,0,5.95667,6.93917,0.98250,0.02618
639,888,1502,2,0,7.04917,7.79000,0.74083,0.02220
649,225,492,1,1,0.84083,1.01391,0.17308,0.00692
643,236,1123,2,1,0.84083,1.12391,0.28308,0.00429
646,589,885,0,0,0.84083,1.23391,0.39308,0.02577
644,387,1038,2,1,1.23391,1.69663,0.46273,0.00704
640,1068,1261,2,0,0.84083,1.80663,0.96580,0.02670
641,1661,1937,2,0,1.91663,3.41083,1.49420,0.04153
642,732,1018,2,0,3.52083,4.24083,0.72000,0.01830
645,840,1744,2,0,4.35083,5.05166,0.70083,0.02100
647,1296,1731,2,0,5.16166,6.27166,1.11000,0.03240
648,1654,2365,2,0,6.38166,7.87166,1.49000,0.04135
650,699,1513,2,0,1.59000,2.17250,0.58250,0.01748
651,872,1158,2,0,2.28250,3.11917,0.83667,0.02180
652,1464,1913,2,0,3.22917,4.45000,1.22083,0.03660
653,522,1205,2,0,4.56000,5.03500,0.47500,0.01305
654,835,1698,2,0,5.14500,5.84167,0.69667,0.02087
655,1646,2056,2,0,5.95167,7.32417,1.37250,0.04115
656,455,1121,2,0,7.43417,7.92333,0.48917,0.01138
657,724,1597,2,0,8.03333,8.74667,0.71333,0.01810
658,1684,2609,2,0,8.85667,10.37083,1.51417,0.04210
659,877,1402,2,0,10.48083,11.32167,0.84083,0.02193
668,101,940,1,1,0.94083,1.01852,0.07769,0.00311
662,482,723,0,0,0.94083,1.35208,0.41125,0.02109
660,1802,2789,2,0,0.94083,2.55250,1.61167,0.04505
661,1420,1882,2,0,2.66250,3.95750,1.29500,0.03550
663,1809,2313,2,0,4.06750,5.68500,1.61750,0.04523
664,520,1283,2,0,5.79500,6.22833,0.43333,0.01300
665,1427,1823,2,0,6.33833,7.52916,1.19083,0.03568
666,1100,1978,2,0,7.63916,8.66666,1.02750,0.02750
667,713,1070,2,0,8.77666,9.37083,0.59417,0.01782
669,884,1550,2,0,9.48083,10.32833,0.84750,0.02210
670,252,1213,2,1,0.94750,1.17659,0.22909,0.00458
671,530,826,0,0,0.94750,1.38875,0.44125,0.02319
672,907,1302,2,0,0.94750,1.81333,0.86583,0.02268
673,1334,2199,2,0,1.92333,3.06917,1.14583,0.03335
674,905,1453,2,0,3.17917,4.04333,0.86417,0.02263
675,912,1564,2,0,4.15333,5.02333,0.87000,0.02280
676,1971,2939,2,0,5.13333,6.77667,1.64333,0.04928
677,624,1003,2,0,6.88667,7.47750,0.59083,0.01560
678,1666,2664,2,0,7.58750,9.08667,1.49917,0.04165
679,598,1001,2,0,9.19667,9.69500,0.49833,0.01495
680,651,1601,2,0,0.59833,1.14083,0.54250,0.01627
681,1976,2232,2,0,1.25083,2.89750,1.64667,0.04940
682,1951,2724,2,0,3.00750,4.74333,1.73583,0.04877
683,1229,2196,2,0,4.85333,5.96416,1.11083,0.03073
684,1095,1637,2,0,6.07416,7.09750,1.02333,0.02738
685,420,1397,2,0,7.20750,7.66750,0.46000,0.01050
686,1643,2248,2,0,7.77750,9.25750,1.48000,0.04108
687,1436,2238,2,0,9.36750,10.67500,1.30750,0.03590
688,1464,1943,2,0,10.78500,12.00583,1.22083,0.03660
689,717,1047,2,0,12.11583,12.71333,0.59750,0.01793
695,495,825,1,0,0.69750,1.05107,0.35357,0.01768
694,616,986,0,0,0.69750,1.16107,0.46357,0.02695
690,967,1373,2,0,0.69750,1.61333,0.91583,0.02418
691,1594,2261,2,0,1.72333,3.16250,1.43917,0.03985
692,1014,1384,2,0,3.27250,4.22750,0.95500,0.02535
693,1713,2366,2,0,4.33750,5.76500,1.42750,0.04282
696,846,1791,2,0,5.87500,6.58083,0.70583,0.02115
697,1221,2153,2,0,6.69083,7.72500,1.03417,0.03053
698,1151,1492,2,0,7.83500,8.90500,1.07000,0.02878
699,644,1025,2,0,9.01500,9.55167,0.53667,0.01610
700,187,833,0,1,0.63667,0.76134,0.12467,0.00748
705,286,552,1,1,0.63667,0.87134,0.23467,0.00880
701,1672,2265,2,0,0.63667,2.09167,1.45500,0.04180
702,1319,2157,2,0,2.20167,3.31250,1.11083,0.03298
703,833,1782,2,0,3.42250,4.11667,0.69417,0.02083
704,809,1158,2,0,4.22667,4.90084,0.67417,0.02023
706,1256,2173,2,0,5.01084,6.12167,1.11083,0.03140
707,1133,1786,2,0,6.23167,7.17667,0.94500,0.02833
708,543,1075,2,0,7.28667,7.84917,0.56250,0.01358
709,618,1236,2,0,7.95917,8.47417,0.51500,0.01545
719,451,817,0,0,0.61500,0.89688,0.28188,0.01973
710,1977,2887,2,0,0.61500,2.37250,1.75750,0.04943
711,881,1279,2,0,2.48250,3.21667,0.73417,0.02203
712,1729,2283,2,0,3.32667,4.87917,1.55250,0.04323
713,631,1525,2,0,4.98917,5.51500,0.52583,0.01578
714,1593,2152,2,0,5.62500,7.06333,1.43833,0.03982
715,534,1321,2,0,7.17333,7.61833,0.44500,0.01335
716,1357,1816,2,0,7.72833,8.86583,1.13750,0.03393
717,1619,2206,2,0,8.97583,10.43583,1.46000,0.04048
718,557,1167,2,0,10.54583,11.08917,0.54333,0.01393
720,238,993,0,1,0.64333,0.80200,0.15867,0.00952
721,596,890,1,0,0.64333,1.17904,0.53571,0.02129
722,989,1478,2,0,0.64333,1.57750,0.93417,0.02473
723,415,1254,2,0,1.68750,2.03416,0.34667,0.01037
724,605,1435,2,0,2.14416,2.64833,0.50417,0.01513
725,1161,1336,2,0,2.75833,3.83583,1.07750,0.02903
726,1605,1762,2,0,3.94583,5.39333,1.44750,0.04012
727,1217,1974,2,0,5.50333,6.55750,1.05417,0.03042
728,878,1108,2,0,6.66750,7.40000,0.73250,0.02195
729,1101,1903,2,0,7.51000,8.42750,0.91750,0.02752
739,147,636,0,1,1.01750,1.11550,0.09800,0.00588
730,831,1189,2,0,1.01750,1.82000,0.80250,0.02078
731,1995,2126,2,0,1.93000,3.69000,1.76000,0.04988
732,445,1270,2,0,3.80000,4.28083,0.48083,0.01113
733,1738,2724,2,0,4.39083,5.94917,1.55833,0.04345
734,1461,1666,2,0,6.05917,7.27750,1.21833,0.03653
735,1393,2366,2,0,7.38750,8.55000,1.16250,0.03483
736,1904,2057,2,0,8.66000,10.35750,1.69750,0.04760
737,461,1185,2,0,10.46750,10.85167,0.38417,0.01152
738,843,1313,2,0,10.96167,11.73000,0.76833,0.02108
745,132,626,0,1,0.86833,0.95633,0.08800,0.00528
748,291,1171,2,1,0.86833,1.17633,0.30800,0.00529
747,731,949,1,0,0.86833,1.50047,0.63214,0.02611
740,1894,2675,2,0,0.86833,2.55666,1.68833,0.04735
741,1454,2009,2,0,2.66666,3.87916,1.21250,0.03635
742,1132,1621,2,0,3.98916,4.93333,0.94417,0.02830
743,516,1088,2,0,5.04333,5.58416,0.54083,0.01290
744,926,1870,2,0,5.69416,6.57583,0.88167,0.02315
746,758,1087,2,0,6.68583,7.31750,0.63167,0.01895
749,1205,1440,2,0,7.42750,8.53833,1.11083,0.03013
757,240,590,0,1,1.21083,1.37083,0.16000,0.00960
750,1749,1983,2,0,1.21083,2.77833,1.56750,0.04373
751,848,1801,2,0,2.88833,3.70500,0.81667,0.02120
752,646,1453,2,0,3.81500,4.46333,0.64833,0.01615
753,1658,2328,2,0,4.57333,5.95500,1.38167,0.04145
754,471,1362,2,0,6.06500,6.45750,0.39250,0.01178
755,788,1223,2,0,6.56750,7.33500,0.76750,0.01970
756,1811,2095,2,0,7.44500,9.06416,1.61917,0.04528
758,864,1241,2,0,9.17416,9.94083,0.76667,0.02160
759,989,1288,2,0,10.05083,10.87500,0.82417,0.02473
766,316,764,0,1,0.92417,1.24484,0.32067,0.01264
767,534,928,1,0,0.92417,1.35484,0.43067,0.01907
769,440,982,2,0,0.92417,1.35484,0.43067,0.01100
760,816,1413,2,0,1.46484,2.14567,0.68083,0.02040
761,1158,1682,2,0,2.25567,3.22084,0.96517,0.02895
762,685,1144,2,0,3.33084,3.90250,0.57167,0.01712
763,555,1162,2,0,4.01250,4.47500,0.46250,0.01388
764,728,1514,2,0,4.58500,5.30167,0.71667,0.01820
765,1706,2062,2,0,5.41167,6.83500,1.42333,0.04265
768,1694,2488,2,0,6.94500,8.35667,1.41167,0.04235
777,128,462,2,1,1.51167,1.62803,0.11636,0.00233
771,352,545,0,1,1.51167,1.84803,0.33636,0.01408
775,417,612,1,0,1.51167,1.84803,0.33636,0.01489
770,1759,2290,2,0,1.51167,3.06834,1.55667,0.04398
772,990,1734,2,0,3.17834,4.11334,0.93500,0.02475
773,1472,2225,2,0,4.22334,5.56000,1.33667,0.03680
774,1588,1990,2,0,5.67000,7.10417,1.43417,0.03970
776,1185,2175,2,0,7.21417,8.20250,0.98833,0.02963
778,884,1232,2,0,8.31250,9.15917,0.84667,0.02210
779,655,1623,2,0,9.26917,9.81500,0.54583,0.01637
789,442,857,0,0,0.64583,0.92208,0.27625,0.01934
780,1161,1639,2,0,0.64583,1.72333,1.07750,0.02903
781,650,1236,2,0,1.83333,2.37583,0.54250,0.01625
782,967,1302,2,0,2.48583,3.40166,0.91583,0.02418
783,1706,2176,2,0,3.51166,4.93416,1.42250,0.04265
784,1376,1593,2,0,5.04416,6.30166,1.25750,0.03440
785,1815,1972,2,0,6.41166,7.92500,1.51333,0.04538
786,1875,2346,2,0,8.03500,9.59833,1.56333,0.04688
787,679,1204,2,0,9.70833,10.38416,0.67583,0.01697
788,1450,1619,2,0,10.49416,11.70250,1.20833,0.03625
792,234,846,1,1,1.30833,1.48833,0.18000,0.00720
791,272,476,0,1,1.30833,1.59560,0.28727,0.01088
793,316,448,2,1,1.30833,1.59560,0.28727,0.00575
790,951,1754,2,0,1.30833,2.21083,0.90250,0.02377
794,1174,1453,2,0,2.32083,3.40916,1.08833,0.02935
795,1071,1316,2,0,3.51916,4.41166,0.89250,0.02677
796,1184,1563,2,0,4.52166,5.61833,1.09667,0.02960
797,1309,2073,2,0,5.72833,6.83916,1.11083,0.03273
798,1808,2715,2,0,6.94916,8.45666,1.50750,0.04520
799,963,1163,2,0,8.56666,9.37000,0.80333,0.02408
803,207,993,1,1,0.90333,1.06256,0.15923,0.00637
802,603,853,0,0,0.90333,1.39021,0.48688,0.02638
805,810,970,2,0,0.90333,1.61021,0.70688,0.02025
800,1962,2442,2,0,1.72021,3.46666,1.74646,0.04905
801,612,1352,2,0,3.57666,4.08666,0.51000,0.01530
804,1759,1902,2,0,4.19666,5.66250,1.46583,0.04398
806,799,1772,2,0,5.77250,6.43833,0.66583,0.01998
807,1794,2712,2,0,6.54833,8.04416,1.49583,0.04485
808,1686,2546,2,0,8.15416,9.67000,1.51583,0.04215
809,886,1548,2,0,9.78000,10.51833,0.73833,0.02215
811,250,1199,2,1,0.83833,1.06560,0.22727,0.00455
817,567,985,0,0,0.83833,1.28560,0.44727,0.02481
810,678,1121,2,0,0.83833,1.50560,0.66727,0.01695
812,566,1485,2,0,1.61560,2.08727,0.47167,0.01415
813,510,1202,2,0,2.19727,2.62227,0.42500,0.01275
814,1884,2626,2,0,2.73227,4.30333,1.57106,0.04710
815,1377,2328,2,0,4.41333,5.56166,1.14833,0.03443
816,712,1652,2,0,5.67166,6.26500,0.59333,0.01780
818,1780,2165,2,0,6.37500,7.85916,1.48417,0.04450
819,951,1844,2,0,7.96916,8.76250,0.79333,0.02377
822,140,805,1,1,0.89333,1.00102,0.10769,0.00431
820,355,860,0,1,0.89333,1.22102,0.32769,0.01420
826,257,602,1,1,1.11102,1.33102,0.22000,0.00791
823,427,612,2,0,0.89333,1.33102,0.43769,0.01068
821,816,1416,2,0,1.44102,2.12186,0.68083,0.02040
824,691,1271,2,0,2.23186,2.91833,0.68647,0.01728
825,816,1551,2,0,3.02833,3.81833,0.79000,0.02040
827,895,1278,2,0,3.92833,4.78416,0.85583,0.02238
828,568,1056,2,0,4.89416,5.37666,0.48250,0.01420
829,881,1337,2,0,5.48666,6.33083,0.84417,0.02203
831,400,811,0,1,0.94417,1.21084,0.26667,0.01600
836,496,695,1,0,0.94417,1.32084,0.37667,0.01771
830,412,1099,2,0,0.94417,1.32084,0.37667,0.01030
834,359,1082,2,1,0.94417,1.32084,0.37667,0.00653
832,943,1204,2,0,1.43084,2.21667,0.78583,0.02358
833,1053,1282,2,0,2.32667,3.20500,0.87833,0.02632
835,1543,1863,2,0,3.31500,4.71167,1.39667,0.03858
837,507,1485,2,0,4.82167,5.35417,0.53250,0.01267
838,1240,1890,2,0,5.46417,6.57500,1.11083,0.03100
839,952,1825,2,0,6.68500,7.58834,0.90333,0.02380
840,539,1523,2,0,1.00333,1.45250,0.44917,0.01347
841,777,1048,2,0,1.56250,2.21000,0.64750,0.01942
842,695,1518,2,0,2.32000,2.90000,0.58000,0.01738
843,1022,1971,2,0,3.01000,3.86500,0.85500,0.02555
844,1460,2389,2,0,3.97500,5.23000,1.25500,0.03650
845,923,1141,2,0,5.34000,6.11000,0.77000,0.02308
846,477,1030,2,0,6.22000,6.72750,0.50750,0.01193
847,1454,1724,2,0,6.83750,8.05000,1.21250,0.03635
848,1423,1870,2,0,8.16000,9.34750,1.18750,0.03557
849,900,1257,2,0,9.45750,10.20750,0.75000,0.02250
854,493,827,0,0,0.85000,1.15813,0.30813,0.02157
857,486,876,1,0,0.85000,1.26813,0.41812,0.01736
859,487,841,2,0,0.85000,1.26813,0.41812,0.01218
850,1600,2275,2,0,1.37812,2.82167,1.44354,0.04000
851,458,1078,2,0,2.93167,3.42333,0.49167,0.01145
852,902,1460,2,0,3.53333,4.28500,0.75167,0.02255
853,955,1528,2,0,4.39500,5.19083,0.79583,0.02387
855,979,1880,2,0,5.30083,6.11750,0.81667,0.02447
856,1062,1652,2,0,6.22750,7.11333,0.88583,0.02655
858,1525,2232,2,0,7.22333,8.60500,1.38167,0.03813
864,518,727,1,0,1.48167,1.85167,0.37000,0.01850
861,820,964,0,0,1.48167,2.07167,0.59000,0.03587
860,632,1101,2,0,1.48167,2.07167,0.59000,0.01580
862,1293,1471,2,0,2.18167,3.29250,1.11083,0.03232
863,529,1113,2,0,3.40250,3.93250,0.53000,0.01323
865,1122,1229,2,0,4.04250,5.08750,1.04500,0.02805
866,982,1717,2,0,5.19750,6.01667,0.81917,0.02455
867,1151,1318,2,0,6.12667,7.08667,0.96000,0.02878
868,1083,1461,2,0,7.19667,8.09917,0.90250,0.02708
869,1117,1631,2,0,8.20917,9.25000,1.04083,0.02793
871,452,760,0,0,1.14083,1.53333,0.39250,0.01977
870,597,1105,2,0,1.14083,1.74833,0.60750,0.01492
872,604,1540,2,0,1.85833,2.36166,0.50333,0.01510
873,902,1107,2,0,2.47166,3.22416,0.75250,0.02255
874,1329,2051,2,0,3.33416,4.44500,1.11083,0.03323
875,1336,2228,2,0,4.55500,5.66916,1.11417,0.03340
876,1879,2127,2,0,5.77916,7.45583,1.67667,0.04698
877,640,1428,2,0,7.56583,8.20916,0.64333,0.01600
878,1383,1924,2,0,8.31916,9.58250,1.26333,0.03458
879,946,1175,2,0,9.69250,10.48083,0.78833,0.02365
885,336,824,0,1,0.88833,1.11233,0.22400,0.01344
880,424,1199,2,0,0.88833,1.33233,0.44400,0.01060
881,1670,1871,2,0,1.44233,2.94416,1.50183,0.04175
882,1990,2915,2,0,3.05416,4.82250,1.76833,0.04975
883,604,1563,2,0,4.93250,5.54666,0.61417,0.01510
884,682,1351,2,0,5.65666,6.22500,0.56833,0.01705
886,937,1648,2,0,6.33500,7.11583,0.78083,0.02343
887,1630,2147,2,0,7.22583,8.69500,1.46917,0.04075
888,640,1153,2,0,8.80500,9.43166,0.62667,0.01600
889,1703,2288,2,0,9.54166,11.07166,1.53000,0.04258
896,594,997,0,0,1.63000,2.00125,0.37125,0.02599
890,1261,2043,2,0,1.63000,2.79083,1.16083,0.03153
891,1440,1719,2,0,2.90083,4.21250,1.31167,0.03600
892,1688,2056,2,0,4.32250,5.73000,1.40750,0.04220
893,1110,1568,2,0,5.84000,6.87583,1.03583,0.02775
894,475,1125,2,0,6.98583,7.49167,0.50583,0.01187
895,482,1453,2,0,7.60167,8.04167,0.44000,0.01205
897,1744,2682,2,0,8.15167,9.71583,1.56417,0.04360
898,1632,1802,2,0,9.82583,11.29583,1.47000,0.04080
899,747,1666,2,0,11.40583,12.02833,0.62250,0.01868
905,289,752,0,1,0.72250,0.91517,0.19267,0.01156
900,1891,2382,2,0,0.72250,2.40833,1.68583,0.04728
901,1589,2128,2,0,2.51833,3.84417,1.32583,0.03973
902,1113,1503,2,0,3.95417,4.88167,0.92750,0.02783
903,829,1480,2,0,4.99167,5.68333,0.69167,0.02072
904,1316,2223,2,0,5.79333,6.93917,1.14583,0.03290
906,1603,2113,2,0,7.04917,8.49583,1.44667,0.04008
907,1007,1316,2,0,8.60583,9.44500,0.83917,0.02517
908,1351,2182,2,0,9.55500,10.79167,1.23667,0.03377
909,1587,1918,2,0,10.90167,12.22417,1.32250,0.03968
917,180,744,0,1,1.42250,1.54250,0.12000,0.00720
918,622,781,1,0,1.42250,1.97679,0.55429,0.02221
910,645,1471,2,0,1.42250,1.97679,0.55429,0.01613
911,1515,1841,2,0,2.08679,3.35000,1.26321,0.03788
912,579,1160,2,0,3.46000,4.05333,0.59333,0.01447
913,940,1933,2,0,4.16333,5.05667,0.89333,0.02350
914,1729,2161,2,0,5.16667,6.71833,1.55167,0.04323
915,1849,2659,2,0,6.82833,8.36917,1.54083,0.04622
916,405,1273,2,0,8.47917,8.92750,0.44833,0.01013
919,873,1228,2,0,9.03750,9.87500,0.83750,0.02183
920,425,708,0,0,0.93750,1.23841,0.30091,0.01859
929,210,1091,2,1,0.93750,1.23841,0.30091,0.00382
924,429,927,1,0,0.93750,1.34841,0.41091,0.01532
921,506,1505,2,0,0.93750,1.45841,0.52091,0.01265
922,517,1174,2,0,1.56841,1.99924,0.43083,0.01293
923,1763,1928,2,0,2.10924,3.68917,1.57992,0.04408
925,840,1070,2,0,3.79917,4.60917,0.81000,0.02100
926,976,1178,2,0,4.71917,5.53250,0.81333,0.02440
927,961,1517,2,0,5.64250,6.44333,0.80083,0.02402
928,441,1313,2,0,6.55333,7.03083,0.47750,0.01103
935,390,570,0,1,0.57750,0.83750,0.26000,0.01560
930,470,1369,2,0,0.57750,1.05750,0.48000,0.01175
931,931,1698,2,0,1.16750,1.94417,0.77667,0.02328
932,995,1472,2,0,2.05417,2.88417,0.83000,0.02488
933,1172,1350,2,0,2.99417,4.08083,1.08667,0.02930
934,1762,1912,2,0,4.19083,5.77000,1.57917,0.04405
936,401,1174,2,0,5.88000,6.32417,0.44417,0.01003
937,1864,2072,2,0,6.43417,7.98833,1.55417,0.04660
938,1406,2372,2,0,8.09833,9.27000,1.17167,0.03515
939,1994,2115,2,0,9.38000,11.15250,1.77250,0.04985
945,463,774,0,0,1.87250,2.16188,0.28938,0.02026
940,1217,1475,2,0,1.87250,2.99667,1.12417,0.03042
941,1064,1814,2,0,3.10667,4.10417,0.99750,0.02660
942,1897,2371,2,0,4.21417,5.90500,1.69083,0.04742
943,878,1862,2,0,6.01500,6.85750,0.84250,0.02195
944,1098,1960,2,0,6.96750,7.88333,0.91583,0.02745
946,1464,2081,2,0,7.99333,9.32417,1.33083,0.03660
947,1281,1389,2,0,9.43417,10.54500,1.11083,0.03203
948,989,1782,2,0,10.65500,11.47917,0.82417,0.02473
949,705,1662,2,0,11.58917,12.17667,0.58750,0.01763
951,201,457,0,1,0.68750,0.82150,0.13400,0.00804
954,500,662,1,0,0.68750,1.15464,0.46714,0.01786
950,1475,2347,2,0,0.68750,2.02667,1.33917,0.03688
952,1968,2106,2,0,2.13667,3.88750,1.75083,0.04920
953,1499,2492,2,0,3.99750,5.35667,1.35917,0.03748
955,556,1101,2,0,5.46667,6.04000,0.57333,0.01390
956,1451,1585,2,0,6.15000,7.47000,1.32000,0.03628
957,1025,1759,2,0,7.58000,8.43417,0.85417,0.02563
958,1773,2611,2,0,8.54417,10.13250,1.58833,0.04432
959,562,1423,2,0,10.24250,10.71083,0.46833,0.01405
965,154,1145,2,1,0.56833,0.70833,0.14000,0.00280
966,888,994,0,0,0.56833,1.23333,0.66500,0.03885
960,838,1076,2,0,0.56833,1.34333,0.77500,0.02095
961,1405,2396,2,0,1.45333,2.62500,1.17167,0.03513
962,953,1909,2,0,2.73500,3.53000,0.79500,0.02383
963,1593,2066,2,0,3.64000,4.96750,1.32750,0.03982
964,547,1066,2,0,5.07750,5.53333,0.45583,0.01368
967,865,1257,2,0,5.64333,6.47500,0.83167,0.02163
968,1220,2093,2,0,6.58500,7.70500,1.12000,0.03050
969,1648,2468,2,0,7.81500,9.18916,1.37417,0.04120
979,143,992,2,1,1.47417,1.60417,0.13000,0.00260
978,402,791,2,0,1.47417,1.82417,0.35000,0.01005
974,594,954,0,0,1.47417,1.93417,0.46000,0.02599
975,743,938,1,0,1.47417,2.04417,0.57000,0.02654
970,1021,1453,2,0,1.93417,2.78667,0.85250,0.02553
971,1785,2560,2,0,2.89667,4.49584,1.59917,0.04463
972,1673,2183,2,0,4.60584,6.11000,1.50417,0.04183
973,1379,1701,2,0,6.22000,7.37084,1.15083,0.03448
976,918,1681,2,0,7.48084,8.24917,0.76833,0.02295
977,1891,2337,2,0,8.35917,10.04500,1.68583,0.04728
986,261,578,0,1,1.78583,2.06038,0.27455,0.01044
981,181,1092,2,1,1.78583,2.06038,0.27455,0.00329
980,830,1328,2,0,1.78583,2.58750,0.80167,0.02075
982,760,1165,2,0,2.69750,3.42916,0.73167,0.01900
983,1932,2652,2,0,3.53916,5.15000,1.61083,0.04830
984,1654,2188,2,0,5.26000,6.74916,1.48917,0.04135
985,1390,2101,2,0,6.85916,8.06416,1.20500,0.03475
987,1240,1986,2,0,8.17416,9.28500,1.11083,0.03100
988,1823,2040,2,0,9.39500,10.91500,1.52000,0.04558
989,625,1224,2,0,11.02500,11.65666,0.63167,0.01563
996,431,784,1,0,0.73167,1.03953,0.30786,0.01539
992,749,861,0,0,0.73167,1.25953,0.52786,0.03277
990,1674,2307,2,0,0.73167,2.23667,1.50500,0.04185
991,664,1112,2,0,2.34667,3.01000,0.66333,0.01660
993,927,1706,2,0,3.12000,3.89250,0.77250,0.02317
994,1317,2180,2,0,4.00250,5.11250,1.11000,0.03292
995,517,1413,2,0,5.22250,5.76334,0.54083,0.01293
997,451,1149,2,0,5.87334,6.36000,0.48667,0.01128
998,1300,1767,2,0,6.47000,7.58084,1.11083,0.03250
999,722,1080,2,0,7.69084,8.34334,0.65250,0.01805
